sample,order,baseline_ms,candidate_ms,equal,baseline_failures,candidate_failures,baseline_network_ms,candidate_network_ms,baseline_junction_ms,candidate_junction_ms,edges,configs,player,timestamp,checkpoint_index,retained
1,baseline-first,614.0,655.0,true,0,0,535.0,568.0,249.0,286.0,5852,19655,p1,1791159768,1,False
1,baseline-first,689.0,679.0,true,0,0,608.0,595.0,270.0,299.0,5852,19655,p1,1791159778,2,False
1,baseline-first,643.0,600.0,true,0,0,561.0,537.0,250.0,270.0,5852,19655,p1,1791159788,3,False
1,baseline-first,613.0,647.0,true,0,0,533.0,546.0,249.0,271.0,5853,19659,p1,1791159798,4,False
1,baseline-first,612.0,604.0,true,0,0,535.0,546.0,247.0,270.0,5854,19663,p1,1791159808,5,True
1,baseline-first,614.0,606.0,true,0,0,538.0,539.0,255.0,270.0,5854,19663,p1,1791159818,6,True
1,baseline-first,617.0,608.0,true,0,0,540.0,548.0,247.0,275.0,5856,19671,p1,1791159828,7,True
1,baseline-first,605.0,596.0,true,0,0,527.0,542.0,245.0,263.0,5856,19671,p1,1791159838,8,True
1,baseline-first,610.0,609.0,true,0,0,529.0,535.0,253.0,261.0,5856,19671,p1,1791159848,9,True
1,baseline-first,619.0,603.0,true,0,0,542.0,533.0,253.0,264.0,5856,19671,p1,1791159858,10,True
1,baseline-first,628.0,608.0,true,0,0,548.0,533.0,264.0,259.0,5856,19671,p1,1791159868,11,True
1,baseline-first,616.0,586.0,true,0,0,538.0,531.0,253.0,226.0,5853,19659,p1,1791159878,12,True
2,candidate-first,661.0,613.0,true,0,0,603.0,534.0,273.0,265.0,5854,19663,p1,1791159888,13,True
2,candidate-first,632.0,602.0,true,0,0,549.0,545.0,249.0,259.0,5854,19663,p1,1791159898,14,True
2,candidate-first,620.0,616.0,true,0,0,570.0,535.0,255.0,264.0,5854,19663,p1,1791159908,15,True
2,candidate-first,621.0,638.0,true,0,0,571.0,549.0,257.0,261.0,5854,19663,p1,1791159918,16,True
2,candidate-first,664.0,651.0,true,0,0,610.0,549.0,284.0,276.0,5854,19663,p1,1791159928,17,True
2,candidate-first,661.0,582.0,true,0,0,572.0,522.0,267.0,254.0,5854,19663,p1,1791159938,18,True
1,baseline-first,607.0,606.0,true,0,0,529.0,546.0,253.0,267.0,5854,19663,p1,1791159948,19,True
1,baseline-first,638.0,597.0,true,0,0,558.0,534.0,262.0,262.0,5854,19663,p1,1791159958,20,True
1,baseline-first,625.0,620.0,true,0,0,546.0,566.0,259.0,252.0,5854,19663,p1,1791159968,21,False
1,baseline-first,617.0,597.0,true,0,0,537.0,542.0,258.0,234.0,5854,19663,p1,1791159978,22,False
1,baseline-first,610.0,616.0,true,0,0,530.0,548.0,256.0,269.0,5854,19663,p1,1791159988,23,False
2,candidate-first,637.0,608.0,true,0,0,585.0,558.0,281.0,257.0,5854,19663,p1,1791159998,24,True
2,candidate-first,768.0,728.0,true,0,0,668.0,644.0,312.0,332.0,5854,19663,p1,1791160008,25,True
2,candidate-first,705.0,733.0,true,0,0,653.0,637.0,302.0,316.0,5854,19663,p1,1791160018,26,True
2,candidate-first,628.0,628.0,true,0,0,572.0,548.0,256.0,272.0,5854,19663,p1,1791160028,27,True
3,baseline-first,628.0,628.0,true,0,0,546.0,554.0,262.0,273.0,5855,19667,p1,1791160038,28,False
2,candidate-first,629.0,615.0,true,0,0,565.0,534.0,257.0,264.0,5855,19667,p1,1791160048,29,False
3,baseline-first,625.0,588.0,true,0,0,547.0,537.0,255.0,238.0,5855,19667,p1,1791160058,30,False
2,candidate-first,633.0,620.0,true,0,0,583.0,532.0,266.0,265.0,5855,19667,p1,1791160068,31,False
3,baseline-first,621.0,617.0,true,0,0,543.0,555.0,260.0,274.0,5855,19667,p1,1791160078,32,False
1,baseline-first,631.0,646.0,true,0,0,550.0,580.0,261.0,286.0,5852,19655,p2,1791159768,1,False
1,baseline-first,694.0,664.0,true,0,0,605.0,602.0,292.0,271.0,5852,19655,p2,1791159778,2,False
1,baseline-first,618.0,704.0,true,0,0,540.0,578.0,256.0,284.0,5852,19655,p2,1791159788,3,False
1,baseline-first,637.0,596.0,true,0,0,559.0,544.0,255.0,229.0,5853,19659,p2,1791159798,4,False
1,baseline-first,627.0,660.0,true,0,0,545.0,563.0,259.0,272.0,5854,19663,p2,1791159808,5,True
1,baseline-first,629.0,628.0,true,0,0,551.0,561.0,256.0,248.0,5854,19663,p2,1791159818,6,True
2,candidate-first,661.0,627.0,true,0,0,585.0,545.0,265.0,258.0,5856,19671,p2,1791159828,7,True
2,candidate-first,647.0,617.0,true,0,0,598.0,548.0,263.0,257.0,5856,19671,p2,1791159838,8,True
2,candidate-first,648.0,616.0,true,0,0,583.0,534.0,268.0,262.0,5856,19671,p2,1791159848,9,True
1,baseline-first,626.0,630.0,true,0,0,548.0,560.0,259.0,274.0,5856,19671,p2,1791159858,10,True
1,baseline-first,640.0,631.0,true,0,0,562.0,553.0,266.0,271.0,5856,19671,p2,1791159868,11,True
1,baseline-first,637.0,622.0,true,0,0,555.0,553.0,264.0,273.0,5853,19659,p2,1791159878,12,True
1,baseline-first,633.0,599.0,true,0,0,555.0,546.0,258.0,228.0,5854,19663,p2,1791159888,13,True
1,baseline-first,637.0,647.0,true,0,0,555.0,552.0,255.0,276.0,5854,19663,p2,1791159898,14,True
3,baseline-first,638.0,682.0,true,0,0,559.0,560.0,273.0,269.0,5854,19663,p2,1791159908,15,True
2,candidate-first,681.0,632.0,true,0,0,622.0,552.0,260.0,279.0,5854,19663,p2,1791159918,16,True
2,candidate-first,714.0,666.0,true,0,0,638.0,584.0,306.0,294.0,5854,19663,p2,1791159928,17,True
2,candidate-first,644.0,624.0,true,0,0,587.0,542.0,271.0,253.0,5854,19663,p2,1791159938,18,True
2,candidate-first,637.0,624.0,true,0,0,570.0,542.0,255.0,262.0,5854,19663,p2,1791159948,19,True
2,candidate-first,660.0,623.0,true,0,0,594.0,539.0,259.0,265.0,5854,19663,p2,1791159958,20,True
1,baseline-first,658.0,674.0,true,0,0,572.0,576.0,273.0,286.0,5854,19663,p2,1791159968,21,True
1,baseline-first,647.0,592.0,true,0,0,570.0,542.0,272.0,228.0,5854,19663,p2,1791159978,22,True
3,baseline-first,623.0,611.0,true,0,0,542.0,553.0,258.0,236.0,5854,19663,p2,1791159988,23,False
3,baseline-first,640.0,703.0,true,0,0,562.0,589.0,273.0,299.0,5854,19663,p2,1791159998,24,False
3,baseline-first,748.0,790.0,true,0,0,654.0,656.0,321.0,331.0,5854,19663,p2,1791160008,25,False
1,baseline-first,734.0,793.0,true,0,0,640.0,679.0,309.0,344.0,5854,19663,p2,1791160018,26,False
2,candidate-first,648.0,618.0,true,0,0,568.0,555.0,257.0,276.0,5854,19663,p2,1791160028,27,True
3,baseline-first,634.0,688.0,true,0,0,555.0,577.0,267.0,290.0,5855,19667,p2,1791160038,28,False
4,candidate-first,626.0,641.0,true,0,0,578.0,556.0,262.0,275.0,5855,19667,p2,1791160048,29,True
1,baseline-first,635.0,623.0,true,0,0,549.0,553.0,266.0,227.0,5855,19667,p2,1791160058,30,False
2,candidate-first,692.0,609.0,true,0,0,591.0,548.0,283.0,272.0,5855,19667,p2,1791160068,31,False
2,candidate-first,639.0,661.0,true,0,0,584.0,576.0,256.0,273.0,5855,19667,p2,1791160078,32,False
