game,utc_seconds,sample,order,baseline_ms,candidate_ms,equal,baseline_failures,candidate_failures,baseline_network_ms,candidate_network_ms,baseline_junction_ms,candidate_junction_ms,edges,configs,native_lanes,fallback_lanes,native_junctions,fallback_junctions,retained
p1,1791185517,1,baseline-first,684.000,523.000,true,0,0,591.000,470.000,280.000,265.000,5852,19655,5852,0,5049,0,false
p1,1791185527,2,candidate-first,977.000,688.000,true,0,0,861.000,550.000,382.000,346.000,5852,19655,5852,0,5049,0,false
p1,1791185537,3,baseline-first,812.000,645.000,true,0,0,705.000,571.000,348.000,330.000,5852,19655,5852,0,5049,0,false
p1,1791185547,4,candidate-first,830.000,655.000,true,0,0,703.000,552.000,311.000,327.000,5853,19659,5853,0,5050,0,false
p1,1791185557,5,baseline-first,825.000,693.000,true,0,0,718.000,620.000,360.000,326.000,5854,19663,5854,0,5050,0,true
p1,1791185567,6,candidate-first,877.000,631.000,true,0,0,731.000,518.000,323.000,317.000,5854,19663,5854,0,5050,0,true
p1,1791185577,7,baseline-first,805.000,654.000,true,0,0,723.000,526.000,374.000,298.000,5856,19671,5856,0,5052,0,true
p1,1791185587,8,candidate-first,829.000,638.000,true,0,0,699.000,527.000,295.000,323.000,5856,19671,5856,0,5052,0,true
p1,1791185597,9,baseline-first,888.000,653.000,true,0,0,771.000,546.000,377.000,310.000,5856,19671,5856,0,5052,0,true
p1,1791185607,10,candidate-first,849.000,666.000,true,0,0,719.000,562.000,303.000,316.000,5856,19671,5856,0,5052,0,true
p1,1791185617,11,baseline-first,841.000,693.000,true,0,0,730.000,603.000,358.000,313.000,5856,19671,5856,0,5052,0,true
p1,1791185627,12,candidate-first,915.000,683.000,true,0,0,775.000,579.000,367.000,337.000,5853,19659,5853,0,5048,0,true
p1,1791185637,13,baseline-first,838.000,740.000,true,0,0,767.000,573.000,347.000,369.000,5854,19663,5854,0,5049,0,true
p1,1791185647,14,candidate-first,863.000,678.000,true,0,0,719.000,570.000,298.000,331.000,5854,19663,5854,0,5049,0,true
p2,1791185517,1,baseline-first,690.000,563.000,true,0,0,599.000,508.000,287.000,284.000,5852,19655,5852,0,5049,0,false
p2,1791185527,2,candidate-first,1048.000,768.000,true,0,0,975.000,616.000,375.000,406.000,5852,19655,5852,0,5049,0,false
p2,1791185537,3,baseline-first,757.000,652.000,true,0,0,690.000,548.000,336.000,309.000,5852,19655,5852,0,5049,0,false
p2,1791185547,4,candidate-first,758.000,635.000,true,0,0,656.000,531.000,290.000,301.000,5853,19659,5853,0,5050,0,false
p2,1791185557,5,baseline-first,780.000,641.000,true,0,0,698.000,531.000,338.000,301.000,5854,19663,5854,0,5050,0,true
p2,1791185567,6,candidate-first,802.000,629.000,true,0,0,694.000,519.000,299.000,317.000,5854,19663,5854,0,5050,0,true
p2,1791185577,7,baseline-first,808.000,579.000,true,0,0,698.000,514.000,356.000,295.000,5856,19671,5856,0,5052,0,true
p2,1791185587,8,candidate-first,769.000,619.000,true,0,0,709.000,516.000,280.000,303.000,5856,19671,5856,0,5052,0,true
p2,1791185597,9,baseline-first,786.000,656.000,true,0,0,706.000,540.000,353.000,300.000,5856,19671,5856,0,5052,0,true
p2,1791185607,10,candidate-first,811.000,614.000,true,0,0,697.000,513.000,288.000,293.000,5856,19671,5856,0,5052,0,true
p2,1791185617,11,baseline-first,754.000,653.000,true,0,0,691.000,549.000,322.000,336.000,5856,19671,5856,0,5052,0,true
p2,1791185627,12,candidate-first,797.000,703.000,true,0,0,738.000,580.000,305.000,354.000,5853,19659,5853,0,5048,0,true
p2,1791185637,13,baseline-first,797.000,669.000,true,0,0,721.000,606.000,351.000,331.000,5854,19663,5854,0,5049,0,true
p2,1791185647,14,candidate-first,784.000,624.000,true,0,0,690.000,520.000,290.000,297.000,5854,19663,5854,0,5049,0,true
