player,utc_epoch,first_step,last_step,samples,mean_ms,max_ms,total_ms,tile,tiles,pending,retained
p1,1791192008,1,50,50,3.44,9.0,172.0,22,768,0,False
p1,1791192018,51,100,50,3.2,8.0,160.0,34,768,6,False
p1,1791192028,101,150,50,4.02,11.0,201.0,45,768,7,False
p1,1791192038,151,200,50,4.12,19.0,206.0,66,768,6,False
p1,1791192048,201,250,50,3.68,9.0,184.0,74,768,8,False
p1,1791192058,251,300,50,3.66,7.0,183.0,88,768,4,False
p1,1791192068,301,350,50,4.26,20.0,213.0,105,768,7,False
p1,1791192078,351,400,50,3.04,7.0,152.0,111,768,3,False
p1,1791192088,401,450,50,3.12,7.0,156.0,124,768,2,False
p1,1791192098,451,500,50,2.98,10.0,149.0,130,768,2,False
p1,1791192108,501,550,50,3.28,8.0,164.0,140,768,10,False
p1,1791192118,551,600,50,3.6,10.0,180.0,140,768,4,False
p1,1791192128,601,650,50,3.44,8.0,172.0,152,768,2,True
p1,1791192138,651,700,50,4.38,12.0,219.0,160,768,0,True
p1,1791192148,701,750,50,3.74,10.0,187.0,170,768,8,True
p1,1791192158,751,800,50,4.3,14.0,215.0,171,768,3,True
p1,1791192168,801,850,50,3.52,11.0,176.0,182,768,0,True
p1,1791192178,851,900,50,3.36,14.0,168.0,200,768,4,True
p1,1791192188,901,950,50,3.8,11.0,190.0,207,768,1,True
p1,1791192198,951,1000,50,3.52,13.0,176.0,219,768,3,True
p1,1791192208,1001,1050,50,3.86,11.0,193.0,220,768,6,True
p1,1791192218,1051,1100,50,3.56,11.0,178.0,220,768,0,True
p1,1791192228,1101,1150,50,3.56,9.0,178.0,250,768,8,True
p1,1791192238,1151,1200,50,3.46,8.0,173.0,260,768,0,True
p1,1791192248,1201,1250,50,3.88,10.0,194.0,290,768,0,True
p1,1791192258,1251,1300,50,3.38,8.0,169.0,303,768,7,True
p1,1791192268,1301,1350,50,3.66,17.0,183.0,306,768,4,True
p1,1791192278,1351,1400,50,3.34,15.0,167.0,324,768,0,True
p1,1791192288,1401,1450,50,3.42,13.0,171.0,360,768,10,True
p1,1791192298,1451,1500,50,4.28,14.0,214.0,373,768,5,True
p1,1791192308,1501,1550,50,4.14,11.0,207.0,409,768,7,True
p1,1791192318,1551,1600,50,3.6,11.0,180.0,416,768,4,True
p1,1791192328,1601,1650,50,3.74,10.0,187.0,438,768,0,True
p1,1791192338,1651,1700,50,4.48,13.0,224.0,462,768,6,True
p1,1791192348,1701,1750,50,3.62,13.0,181.0,500,768,6,True
p1,1791192358,1751,1800,50,3.36,9.0,168.0,516,768,4,True
p1,1791192368,1801,1850,50,3.24,9.0,162.0,534,768,0,True
p1,1791192378,1851,1900,50,3.88,15.0,194.0,548,768,0,True
p1,1791192388,1901,1950,50,3.88,15.0,194.0,570,768,8,True
p1,1791192398,1951,2000,50,3.78,19.0,189.0,583,768,7,True
p1,1791192408,2001,2050,50,3.5,11.0,175.0,607,768,1,True
p1,1791192418,2051,2100,50,3.28,8.0,164.0,620,768,4,True
p1,1791192428,2101,2150,50,3.86,20.0,193.0,634,768,0,True
p1,1791192438,2151,2200,50,3.4,13.0,170.0,684,768,4,True
p1,1791192448,2201,2250,50,3.78,18.0,189.0,710,768,0,True
p1,1791192458,2251,2300,50,3.44,8.0,172.0,721,768,1,True
p1,1791192481,2301,2350,50,4.26,14.0,213.0,742,768,0,True
p1,1791192491,2351,2400,50,4.9,17.0,245.0,756,768,0,True
p1,1791192501,2401,2450,50,6.54,21.0,327.0,10,768,0,True
p1,1791192511,2451,2500,50,5.18,17.0,259.0,29,768,1,True
p1,1791192521,2501,2550,50,4.74,11.0,237.0,45,768,3,True
p1,1791192531,2551,2600,50,5.0,19.0,250.0,60,768,0,True
p1,1791192542,2601,2650,50,3.92,8.0,196.0,70,768,4,True
p1,1791192552,2651,2700,50,4.0,14.0,200.0,87,768,3,True
p1,1791192562,2701,2750,50,4.0,14.0,200.0,98,768,0,True
p1,1791192572,2751,2800,50,4.58,21.0,229.0,108,768,0,True
p1,1791192582,2801,2850,50,4.02,12.0,201.0,118,768,0,True
p1,1791192592,2851,2900,50,3.5,10.0,175.0,129,768,1,True
p1,1791192602,2901,2950,50,3.94,11.0,197.0,138,768,0,True
p1,1791192612,2951,3000,50,3.94,19.0,197.0,140,768,8,True
p1,1791192622,3001,3050,50,3.82,13.0,191.0,152,768,6,True
p1,1791192632,3051,3100,50,3.24,10.0,162.0,159,768,7,True
p1,1791192642,3101,3150,50,3.12,7.0,156.0,170,768,4,True
p1,1791192652,3151,3200,50,3.04,8.0,152.0,171,768,7,True
p1,1791192662,3201,3250,50,3.22,9.0,161.0,178,768,8,True
p1,1791192672,3251,3300,50,3.26,6.0,163.0,199,768,3,True
p1,1791192682,3301,3350,50,3.22,9.0,161.0,205,768,3,True
p1,1791192692,3351,3400,50,3.52,8.0,176.0,216,768,4,True
p1,1791192702,3401,3450,50,3.48,8.0,174.0,220,768,6,True
p1,1791192712,3451,3500,50,3.44,9.0,172.0,220,768,8,True
p1,1791192722,3501,3550,50,3.3,7.0,165.0,242,768,4,True
p1,1791192732,3551,3600,50,3.32,8.0,166.0,252,768,0,True
p1,1791192742,3601,3650,50,3.66,7.0,183.0,270,768,0,True
p1,1791192752,3651,3700,50,3.52,9.0,176.0,296,768,4,True
p1,1791192762,3701,3750,50,3.88,11.0,194.0,303,768,5,True
p1,1791192772,3751,3800,50,3.46,10.0,173.0,309,768,5,True
p1,1791192782,3801,3850,50,3.84,11.0,192.0,346,768,0,True
p1,1791192792,3851,3900,50,3.3,8.0,165.0,372,768,4,True
p1,1791192802,3901,3950,50,3.52,12.0,176.0,398,768,0,True
p1,1791192812,3951,4000,50,3.68,8.0,184.0,412,768,0,True
p1,1791192822,4001,4050,50,3.54,11.0,177.0,422,768,0,True
p1,1791192832,4051,4100,50,4.46,10.0,223.0,461,768,5,True
p1,1791192842,4101,4150,50,3.42,8.0,171.0,490,768,0,True
p1,1791192852,4151,4200,50,3.54,9.0,177.0,508,768,0,True
p1,1791192862,4201,4250,50,3.44,9.0,172.0,523,768,5,True
p1,1791192872,4251,4300,50,3.54,9.0,177.0,544,768,8,True
p2,1791192008,1,50,50,3.1,11.0,155.0,22,768,0,False
p2,1791192018,51,100,50,2.78,7.0,139.0,34,768,6,False
p2,1791192028,101,150,50,3.16,8.0,158.0,45,768,7,False
p2,1791192038,151,200,50,3.0,8.0,150.0,66,768,6,False
p2,1791192048,201,250,50,3.66,12.0,183.0,74,768,8,False
p2,1791192058,251,300,50,3.68,10.0,184.0,88,768,4,False
p2,1791192068,301,350,50,4.16,10.0,208.0,105,768,7,False
p2,1791192078,351,400,50,3.4,11.0,170.0,111,768,3,False
p2,1791192088,401,450,50,3.78,11.0,189.0,124,768,2,False
p2,1791192098,451,500,50,3.68,15.0,184.0,130,768,2,False
p2,1791192108,501,550,50,3.64,9.0,182.0,140,768,10,False
p2,1791192118,551,600,50,3.68,11.0,184.0,140,768,4,False
p2,1791192128,601,650,50,4.26,14.0,213.0,152,768,2,True
p2,1791192138,651,700,50,3.6,12.0,180.0,160,768,0,True
p2,1791192148,701,750,50,3.6,9.0,180.0,170,768,8,True
p2,1791192158,751,800,50,3.22,10.0,161.0,171,768,3,True
p2,1791192168,801,850,50,3.6,14.0,180.0,182,768,0,True
p2,1791192178,851,900,50,3.2,10.0,160.0,200,768,4,True
p2,1791192188,901,950,50,3.46,11.0,173.0,207,768,1,True
p2,1791192198,951,1000,50,3.72,12.0,186.0,219,768,3,True
p2,1791192208,1001,1050,50,3.66,10.0,183.0,220,768,6,True
p2,1791192218,1051,1100,50,3.44,7.0,172.0,220,768,0,True
p2,1791192228,1101,1150,50,3.5,7.0,175.0,250,768,8,True
p2,1791192238,1151,1200,50,3.28,6.0,164.0,260,768,0,True
p2,1791192248,1201,1250,50,3.6,12.0,180.0,290,768,0,True
p2,1791192258,1251,1300,50,3.48,11.0,174.0,303,768,7,True
p2,1791192268,1301,1350,50,3.6,11.0,180.0,306,768,4,True
p2,1791192278,1351,1400,50,3.54,8.0,177.0,324,768,0,True
p2,1791192288,1401,1450,50,3.58,11.0,179.0,360,768,10,True
p2,1791192298,1451,1500,50,2.94,8.0,147.0,373,768,5,True
p2,1791192308,1501,1550,50,3.38,9.0,169.0,409,768,7,True
p2,1791192318,1551,1600,50,3.18,9.0,159.0,416,768,4,True
p2,1791192328,1601,1650,50,3.38,8.0,169.0,438,768,0,True
p2,1791192338,1651,1700,50,3.54,7.0,177.0,462,768,6,True
p2,1791192348,1701,1750,50,3.14,8.0,157.0,500,768,6,True
p2,1791192358,1751,1800,50,3.92,8.0,196.0,516,768,4,True
p2,1791192368,1801,1850,50,3.56,9.0,178.0,534,768,0,True
p2,1791192378,1851,1900,50,3.32,8.0,166.0,548,768,0,True
p2,1791192388,1901,1950,50,3.56,8.0,178.0,570,768,8,True
p2,1791192398,1951,2000,50,3.54,8.0,177.0,583,768,7,True
p2,1791192408,2001,2050,50,3.86,11.0,193.0,607,768,1,True
p2,1791192418,2051,2100,50,3.92,11.0,196.0,620,768,4,True
p2,1791192428,2101,2150,50,3.84,13.0,192.0,634,768,0,True
p2,1791192438,2151,2200,50,3.3,7.0,165.0,684,768,4,True
p2,1791192448,2201,2250,50,4.08,10.0,204.0,710,768,0,True
p2,1791192458,2251,2300,50,3.98,10.0,199.0,721,768,1,True
p2,1791192481,2301,2350,50,4.02,9.0,201.0,742,768,0,True
p2,1791192491,2351,2400,50,4.12,8.0,206.0,756,768,0,True
p2,1791192501,2401,2450,50,4.32,9.0,216.0,10,768,0,True
p2,1791192511,2451,2500,50,3.54,8.0,177.0,29,768,1,True
p2,1791192521,2501,2550,50,3.54,9.0,177.0,45,768,3,True
p2,1791192531,2551,2600,50,3.12,8.0,156.0,60,768,0,True
p2,1791192542,2601,2650,50,3.26,6.0,163.0,70,768,4,True
p2,1791192552,2651,2700,50,3.4,8.0,170.0,87,768,3,True
p2,1791192562,2701,2750,50,3.64,7.0,182.0,98,768,0,True
p2,1791192572,2751,2800,50,3.94,8.0,197.0,108,768,0,True
p2,1791192582,2801,2850,50,4.02,11.0,201.0,118,768,0,True
p2,1791192592,2851,2900,50,3.86,10.0,193.0,129,768,1,True
p2,1791192602,2901,2950,50,3.48,8.0,174.0,138,768,0,True
p2,1791192612,2951,3000,50,4.12,13.0,206.0,140,768,8,True
p2,1791192622,3001,3050,50,4.14,13.0,207.0,152,768,6,True
p2,1791192632,3051,3100,50,3.84,9.0,192.0,159,768,7,True
p2,1791192642,3101,3150,50,3.64,8.0,182.0,170,768,4,True
p2,1791192652,3151,3200,50,3.96,10.0,198.0,171,768,7,True
p2,1791192662,3201,3250,50,4.1,11.0,205.0,178,768,8,True
p2,1791192672,3251,3300,50,3.94,8.0,197.0,199,768,3,True
p2,1791192682,3301,3350,50,3.58,13.0,179.0,205,768,3,True
p2,1791192692,3351,3400,50,4.98,13.0,249.0,216,768,4,True
p2,1791192702,3401,3450,50,4.24,12.0,212.0,220,768,6,True
p2,1791192712,3451,3500,50,4.44,16.0,222.0,220,768,8,True
p2,1791192722,3501,3550,50,4.5,11.0,225.0,242,768,4,True
p2,1791192732,3551,3600,50,4.28,12.0,214.0,252,768,0,True
p2,1791192742,3601,3650,50,4.92,15.0,246.0,270,768,0,True
p2,1791192752,3651,3700,50,4.44,12.0,222.0,296,768,4,True
p2,1791192762,3701,3750,50,4.26,13.0,213.0,303,768,5,True
p2,1791192772,3751,3800,50,4.14,19.0,207.0,309,768,5,True
p2,1791192782,3801,3850,50,4.38,13.0,219.0,346,768,0,True
p2,1791192792,3851,3900,50,3.84,14.0,192.0,372,768,4,True
p2,1791192802,3901,3950,50,3.02,10.0,151.0,398,768,0,True
p2,1791192812,3951,4000,50,3.2,8.0,160.0,412,768,0,True
p2,1791192822,4001,4050,50,3.4,11.0,170.0,422,768,0,True
p2,1791192832,4051,4100,50,3.24,7.0,162.0,461,768,5,True
p2,1791192842,4101,4150,50,2.72,5.0,136.0,490,768,0,True
p2,1791192852,4151,4200,50,2.92,7.0,146.0,508,768,0,True
p2,1791192862,4201,4250,50,2.92,8.0,146.0,523,768,5,True
p2,1791192872,4251,4300,50,3.08,7.0,154.0,544,768,8,True
