player,step,updates,game_ms,call_ms,retained
p1,50,1,78.0,78.2,False
p1,100,1,42.0,42.1,False
p1,150,1,108.5,108.6,False
p1,200,1,53.2,53.2,False
p1,250,1,125.4,125.5,False
p1,300,1,38.1,38.4,False
p1,350,2,184.8,184.9,False
p1,400,1,56.0,56.2,False
p1,450,1,77.0,77.1,False
p1,500,1,42.3,42.4,False
p1,550,1,85.4,85.4,False
p1,600,1,59.3,59.4,False
p1,650,1,83.9,84.0,True
p1,700,1,43.8,43.9,True
p1,750,1,89.6,89.7,True
p1,800,1,49.0,49.2,True
p1,850,1,76.0,76.1,True
p1,900,1,45.3,45.4,True
p1,950,1,89.4,89.5,True
p1,1000,1,36.5,36.5,True
p1,1050,1,86.7,86.8,True
p1,1100,1,41.6,41.7,True
p1,1150,1,77.4,77.5,True
p1,1200,1,51.9,52.0,True
p1,1250,1,91.1,91.2,True
p1,1300,1,44.4,44.5,True
p1,1350,1,91.6,91.7,True
p1,1400,1,42.9,43.0,True
p1,1450,1,93.2,93.3,True
p1,1500,1,64.0,64.2,True
p1,1550,1,92.4,92.5,True
p1,1600,1,52.4,52.5,True
p1,1650,1,89.6,89.7,True
p1,1700,1,46.5,46.6,True
p1,1750,1,117.2,117.4,True
p1,1800,1,35.6,35.8,True
p1,1850,1,102.0,102.1,True
p1,1900,1,78.2,78.3,True
p1,1950,1,106.8,107.0,True
p1,2000,1,54.5,54.6,True
p1,2050,1,85.2,85.3,True
p1,2100,1,60.3,60.4,True
p1,2150,1,111.9,112.0,True
p1,2200,1,82.0,82.1,True
p1,2250,1,109.8,110.0,True
p1,2300,1,62.0,62.1,True
p1,2350,1,156.1,156.2,True
p1,2400,1,59.9,59.9,True
p1,2450,1,144.9,145.1,True
p1,2500,1,52.4,52.5,True
p1,2550,1,118.7,118.8,True
p1,2600,1,74.6,74.7,True
p1,2650,1,119.5,119.6,True
p1,2700,2,184.1,184.2,True
p1,2750,1,107.0,107.1,True
p1,2800,1,81.4,81.6,True
p1,2850,1,102.6,102.7,True
p1,2900,1,53.4,53.6,True
p1,2950,1,111.7,111.8,True
p1,3000,1,68.4,68.5,True
p1,3050,1,103.8,103.9,True
p1,3100,1,56.8,56.9,True
p1,3150,1,92.5,92.7,True
p1,3200,1,51.2,51.3,True
p1,3250,1,95.5,95.7,True
p1,3300,1,45.5,45.7,True
p1,3350,1,81.4,81.4,True
p1,3400,1,50.6,50.8,True
p1,3450,1,83.6,83.7,True
p1,3500,1,47.0,47.1,True
p1,3550,1,75.9,76.0,True
p1,3600,1,40.9,41.0,True
p1,3650,1,81.5,81.6,True
p1,3700,1,48.7,48.8,True
p1,3750,1,82.2,82.3,True
p1,3800,1,41.8,42.3,True
p1,3850,1,93.0,93.1,True
p1,3900,1,37.3,37.4,True
p1,3950,1,77.5,77.6,True
p1,4000,1,43.9,44.1,True
p1,4050,1,81.8,81.9,True
p1,4100,1,45.8,45.9,True
p1,4150,1,78.5,78.6,True
p1,4200,1,47.3,47.4,True
p1,4250,1,84.9,85.0,True
p1,4300,1,49.7,49.9,True
p2,50,1,77.4,77.6,False
p2,100,1,47.6,47.7,False
p2,150,1,78.1,78.2,False
p2,200,1,42.3,42.4,False
p2,250,1,89.8,89.9,False
p2,300,1,40.5,40.6,False
p2,350,2,149.4,149.8,False
p2,400,1,47.0,47.1,False
p2,450,1,87.6,87.7,False
p2,500,1,51.8,52.0,False
p2,550,1,97.3,97.5,False
p2,600,1,50.1,50.2,False
p2,650,1,73.5,73.7,True
p2,700,2,100.0,100.1,True
p2,750,1,78.5,78.6,True
p2,800,1,39.6,39.9,True
p2,850,1,89.8,89.9,True
p2,900,1,39.6,39.7,True
p2,950,1,88.6,88.7,True
p2,1000,1,42.2,42.3,True
p2,1050,1,80.0,80.1,True
p2,1100,1,37.6,37.8,True
p2,1150,1,79.0,79.2,True
p2,1200,1,39.7,39.8,True
p2,1250,1,79.1,79.2,True
p2,1300,1,45.0,45.2,True
p2,1350,1,79.6,79.7,True
p2,1400,1,47.3,47.5,True
p2,1450,1,78.3,78.4,True
p2,1500,1,47.5,47.6,True
p2,1550,2,126.4,126.5,True
p2,1600,1,33.0,33.1,True
p2,1650,1,79.3,79.4,True
p2,1700,1,44.0,44.1,True
p2,1750,1,92.1,92.2,True
p2,1800,1,48.0,48.2,True
p2,1850,1,78.3,78.4,True
p2,1900,1,54.3,54.4,True
p2,1950,1,85.7,85.8,True
p2,2000,1,50.5,50.7,True
p2,2050,1,90.7,90.9,True
p2,2100,1,50.1,50.2,True
p2,2150,1,98.8,99.0,True
p2,2200,1,53.6,53.9,True
p2,2250,1,98.2,98.4,True
p2,2300,1,44.5,44.6,True
p2,2350,1,100.5,100.6,True
p2,2400,1,49.7,49.8,True
p2,2450,1,89.9,90.0,True
p2,2500,1,45.3,45.4,True
p2,2550,1,89.9,90.0,True
p2,2600,1,50.4,50.6,True
p2,2650,1,84.9,85.0,True
p2,2700,1,49.8,50.0,True
p2,2750,1,85.2,85.3,True
p2,2800,1,57.2,57.3,True
p2,2850,1,88.5,88.6,True
p2,2900,1,50.5,50.7,True
p2,2950,1,89.5,89.6,True
p2,3000,1,50.4,50.5,True
p2,3050,1,83.2,83.3,True
p2,3100,1,48.4,48.5,True
p2,3150,1,93.4,93.6,True
p2,3200,1,44.1,44.2,True
p2,3250,1,104.3,104.4,True
p2,3300,1,54.3,54.4,True
p2,3350,1,107.9,108.0,True
p2,3400,1,69.5,69.7,True
p2,3450,1,114.1,114.2,True
p2,3500,1,58.9,59.1,True
p2,3550,1,102.3,102.5,True
p2,3600,1,51.4,51.5,True
p2,3650,1,106.8,107.0,True
p2,3700,1,73.3,73.4,True
p2,3750,1,114.8,114.9,True
p2,3800,1,62.0,62.2,True
p2,3850,1,134.7,134.8,True
p2,3900,1,55.6,55.8,True
p2,3950,1,82.0,82.2,True
p2,4000,1,43.3,43.5,True
p2,4050,1,72.2,72.4,True
p2,4100,1,47.1,47.2,True
p2,4150,1,71.1,71.3,True
p2,4200,1,44.8,44.9,True
p2,4250,1,76.9,77.0,True
p2,4300,1,53.0,53.2,True
